<!--
   Copyright 2007 SourceLabs, Inc.

   Licensed under the Apache License, Version 2.0 (the "License");
   you may not use this file except in compliance with the License.
   You may obtain a copy of the License at

       http://www.apache.org/licenses/LICENSE-2.0

   Unless required by applicable law or agreed to in writing, software
   distributed under the License is distributed on an "AS IS" BASIS,
   WITHOUT WARRANTIES OR CONDITIONS OF ANY KIND, either express or implied.
   See the License for the specific language governing permissions and
   limitations under the License.
-->
<atlassian-plugin key="com.sourcelabs.jira.plugin.report.contributions" name="Contributions Report Plugin">
    <plugin-info>
        <description>Contributions Report Plugin</description>
        <version>1.3</version>
        <application-version min="3.0" max="3.0"/>
        <vendor name="SourceLabs" url="http://www.sourcelabs.com"/>
    </plugin-info>

    <report key="contributionreport" name="Contribution Report" class="com.sourcelabs.jira.plugin.report.contribution.ContributionReport">
        <description key="report.contribution.description">i18n description</description>
        <label key="report.contribution.label" />

        <resource type="velocity" name="view" location="templates/contribution-report.vm" />
        <resource type="i18n" name="i18n" location="com.sourcelabs.jira.plugin.reports.contribution" />

        <properties>
            <property>
                <key>versionId</key>
                <name>report.contribution.versionid.name</name>
                <description>report.contribution.versionid.description</description>
                <type>select</type>
                <values class="com.sourcelabs.jira.plugin.report.contribution.ContributionVersionValuesGenerator"/>
            </property>
            <property>
                <key>issueStatus</key>
                <name>report.contribution.issueStatus.name</name>
                <description>report.contribution.issueStatus.description</description>
                <type>select</type>
                <values>
                    <value>
                        <key>all</key>
                        <value>report.contribution.issueStatus.all</value>
                    </value>
                    <value>
                        <key>open</key>
                        <value>report.contribution.issueStatus.open</value>
                    </value>
                    <value>
                        <key>closed</key>
                        <value>report.contribution.issueStatus.closed</value>
                    </value>
                </values>
            </property>
        </properties>
    </report>


</atlassian-plugin>
