<?xml version='1.0' encoding='UTF-8'?>
<project>
    <pomVersion>3</pomVersion>

    <groupId>com.sourcelabs.jira</groupId>
    <artifactId>sourcelabs-jira-plugin-portlet-search</artifactId>
    <name>Search Plugin for JIRA</name>
    <currentVersion>1.0</currentVersion>
    <package>com.sourcelabs.jira.plugin.portlet.search</package>
    <description>A search box for the JIRA front page.</description>
  <repository>
    <connection>scm:svn:https://fred.sourcelabs.com/svn/repos/users/henri/jira-search-portlet/trunk</connection>
  </repository>
  <issueTrackingUrl>https://fred.sourcelabs.com/jira/browse/SYS</issueTrackingUrl>

  <dependencies>
    <dependency>
      <id>atlassian-jira</id>
      <version>3.7.1</version>
    </dependency>
    <!-- Atlassian source dependencies -->
    <dependency>
      <id>atlassian-core</id>
      <version>2006-12-04</version>
      <properties>
        <war.bundle>true</war.bundle>
        <atlassian.ship>source</atlassian.ship>
        <atlassian.cvs.tag>atlassian_core_2006_12_04</atlassian.cvs.tag>
      </properties>
    </dependency>
    <dependency>
      <groupId>atlassian-bandana</groupId>
      <artifactId>atlassian-bandana</artifactId>
      <id>atlassian-bandana</id>
      <version>0.1.13</version>
      <properties>
        <war.bundle>true</war.bundle>
        <atlassian.ship>source</atlassian.ship>
        <atlassian.module.dir>bandana</atlassian.module.dir>
        <atlassian.cvs.tag>atlassian_bandana_0_1_13</atlassian.cvs.tag>
      </properties>
    </dependency>
    <dependency>
      <id>atlassian-ofbiz</id>
      <version>0.3.8</version>
      <properties>
        <war.bundle>true</war.bundle>
        <atlassian.ship>source</atlassian.ship>
        <atlassian.cvs.tag>atlassian_ofbiz_0_3_8</atlassian.cvs.tag>
      </properties>
    </dependency>
    <dependency>
      <id>atlassian-profiling</id>
      <version>1.1.4</version>
      <properties>
        <war.bundle>true</war.bundle>
        <atlassian.ship>source</atlassian.ship>
        <atlassian.repo>svn</atlassian.repo>
        <atlassian.cvs.tag>atlassian_profiling_1_1_4</atlassian.cvs.tag>
      </properties>
    </dependency>
    <dependency>
      <id>atlassian-jdk-utilities</id>
      <version>0.1</version>
      <properties>
        <war.bundle>true</war.bundle>
        <atlassian.ship>source</atlassian.ship>
        <atlassian.repo>svn</atlassian.repo>
        <atlassian.cvs.tag>atlassian_jdk_utilities_0_1</atlassian.cvs.tag>
      </properties>
    </dependency>
    <dependency>
      <id>atlassian-configurableobjects</id>
      <version>0.4.22</version>
      <properties>
        <war.bundle>true</war.bundle>
        <atlassian.ship>source</atlassian.ship>
        <atlassian.module.dir>configurableobjects</atlassian.module.dir>
        <atlassian.cvs.tag>atlassian_configurable_objects_0_4_22</atlassian.cvs.tag>
      </properties>
    </dependency>
    <dependency>
      <id>atlassian-mail</id>
      <version>1.3.21</version>
      <properties>
        <war.bundle>true</war.bundle>
        <atlassian.ship>source</atlassian.ship>
        <atlassian.module.dir>mail</atlassian.module.dir>
        <atlassian.cvs.tag>atlassian_mail_1_3_21</atlassian.cvs.tag>
      </properties>
    </dependency>
    <dependency>
      <id>atlassian-scheduler</id>
      <version>2006-10-24</version>
      <properties>
        <war.bundle>true</war.bundle>
        <atlassian.ship>source</atlassian.ship>
        <atlassian.module.dir>scheduler</atlassian.module.dir>
        <atlassian.cvs.tag>atlassian_scheduler_2006_10_24</atlassian.cvs.tag>
      </properties>
    </dependency>
    <dependency>
      <id>atlassian-velocity</id>
      <version>0.3.19</version>
      <properties>
        <war.bundle>true</war.bundle>
        <atlassian.ship>source</atlassian.ship>
        <atlassian.module.dir>atlassian-velocity</atlassian.module.dir>
        <atlassian.cvs.tag>atlassian_velocity_0_3_19</atlassian.cvs.tag>
      </properties>
    </dependency>
    <dependency>
      <id>atlassian-johnson</id>
      <version>2006-11-03</version>
      <properties>
        <war.bundle>true</war.bundle>
        <atlassian.ship>source</atlassian.ship>
        <atlassian.module.dir>johnson</atlassian.module.dir>
        <atlassian.cvs.tag>atlassian_johnson_2006_11_03</atlassian.cvs.tag>
      </properties>
    </dependency>
    <dependency>
      <id>atlassian-cache-servlet</id>
      <version>0.5.4</version>
      <properties>
        <war.bundle>true</war.bundle>
        <atlassian.ship>source</atlassian.ship>
        <atlassian.cvs.tag>atlassian_cache_servlet_0_5_4</atlassian.cvs.tag>
      </properties>
    </dependency>
    <dependency>
      <id>atlassian-plugins</id>
      <version>2006-11-10</version>
      <properties>
        <war.bundle>true</war.bundle>
        <atlassian.ship>source</atlassian.ship>
        <atlassian.module.dir>plugins</atlassian.module.dir>
        <atlassian.cvs.tag>atlassian_plugins_2006_10_31</atlassian.cvs.tag>
      </properties>
    </dependency>
    <dependency>
      <id>seraph</id>
      <version>0.7.21</version>
      <properties>
        <war.bundle>true</war.bundle>
        <atlassian.ship>source</atlassian.ship>
        <atlassian.repo>svn</atlassian.repo>
        <atlassian.cvs.tag>seraph_0_7_21</atlassian.cvs.tag>
      </properties>
    </dependency>
    <!-- Atlassian jar dependencies -->
    <dependency>
      <id>atlassian-extras</id>
      <version>0.7.29</version>
      <properties>
        <war.bundle>true</war.bundle>
        <atlassian.module.dir>atlassian-extras</atlassian.module.dir>
        <atlassian.cvs.tag>atlassian_extras_0_7_29</atlassian.cvs.tag>
      </properties>
    </dependency>
    <dependency>
      <id>atlassian-tagutil</id>
      <version>0.1</version>
      <properties>
        <war.bundle>true</war.bundle>
      </properties>
    </dependency>
    <dependency>
      <id>atlassian-renderer</id>
      <version>2006.06.29</version>
      <properties>
        <war.bundle>true</war.bundle>
        <atlassian.ship>source</atlassian.ship>
        <atlassian.module.dir>atlassian-renderer</atlassian.module.dir>
        <atlassian.cvs.tag>atlassian_renderer_2006_06_29</atlassian.cvs.tag>
      </properties>
    </dependency>
    <dependency>
      <id>bonnie</id>
      <version>2006-10-31</version>
      <properties>
        <war.bundle>true</war.bundle>
        <atlassian.ship>source</atlassian.ship>
        <atlassian.cvs.tag>bonnie_2006_10_31</atlassian.cvs.tag>
      </properties>
    </dependency>
    <!-- Used by atlassian-profiling -->
    <dependency>
      <id>p6spy</id>
      <version>1.3</version>
    </dependency>
    <!-- OS dependencies -->
    <dependency>
      <id>osworkflow</id>
      <version>17Aug2004</version>
      <properties>
        <war.bundle>true</war.bundle>
      </properties>
    </dependency>
    <dependency>
      <id>oscore</id>
      <version>2.2.6-dev-9Nov05</version>
      <properties>
        <war.bundle>true</war.bundle>
      </properties>
    </dependency>
    <dependency>
      <id>osuser</id>
      <version>1.0-dev-log4j-1.4jdk-7Dec05</version>
      <properties>
        <war.bundle>true</war.bundle>
      </properties>
    </dependency>
    <dependency>
      <id>propertyset</id>
      <version>1.3</version>
      <properties>
        <war.bundle>true</war.bundle>
      </properties>
    </dependency>
    <dependency>
      <id>sitemesh</id>
      <version>2.3-dev-25Oct-05</version>
      <properties>
        <war.bundle>true</war.bundle>
      </properties>
    </dependency>
    <!-- When updating webwork, please ensure that the webwork jar referenced here is the one which has JIRA's tld. JIRA uses its own implementation of the
     WebWork Text tag, and some app servers, e.g. WebSphere, always pick up the tld from the jar and hence use the wrong WebWork Text tag. Need to replace the
     default WebWork tld inside the jar with JIRA's tld file for webwork.-->
    <dependency>
      <id>webwork</id>
      <version>16May06-jiratld</version>
      <properties>
        <war.bundle>true</war.bundle>
      </properties>
    </dependency>
    <dependency>
      <id>webwork+pell</id>
      <version>multipartrequest1.30rc1</version>
      <properties>
        <war.bundle>true</war.bundle>
      </properties>
    </dependency>
    <!-- Jakarta dependencies -->
    <dependency>
      <id>commons-digester</id>
      <version>1.4.1</version>
      <properties>
        <war.bundle>true</war.bundle>
      </properties>
    </dependency>
    <dependency>
      <id>commons-beanutils</id>
      <version>1.6.1</version>
      <properties>
        <war.bundle>true</war.bundle>
      </properties>
    </dependency>
    <dependency>
      <id>commons-logging</id>
      <version>1.0.4</version>
      <properties>
        <war.bundle>true</war.bundle>
      </properties>
    </dependency>
    <dependency>
      <id>commons-collections</id>
      <version>3.1</version>
      <properties>
        <war.bundle>true</war.bundle>
      </properties>
    </dependency>
    <dependency>
      <id>commons-lang</id>
      <version>2.1</version>
      <properties>
        <war.bundle>true</war.bundle>
      </properties>
    </dependency>
    <dependency>
      <groupId>commons-configuration</groupId>
      <artifactId>commons-configuration</artifactId>
      <id>commons-configuration</id>
      <version>1.0</version>
      <properties>
        <war.bundle>true</war.bundle>
      </properties>
    </dependency>
    <dependency>
      <id>log4j</id>
      <version>1.2.7</version>
      <url>http://jakarta.apache.org/log4j</url>
      <properties>
        <war.bundle>true</war.bundle>
      </properties>
    </dependency>
    <!-- If updating lucene check whether the Analyzer classes in the com.atlassian.jira.issue.index.analyzer package
         need to be updated. They are straight copies of the classes in lucene. The lucene classes are final and we
         need to inject our com.atlassian.jira.issue.index.analyzer.ExceptionFilter into the stream (see the
         tokenStream() method of each class). JRA-7921 -->
    <dependency>
      <id>lucene+core</id>
      <version>1.9.1</version>
      <properties>
        <war.bundle>true</war.bundle>
      </properties>
    </dependency>
    <dependency>
        <id>lucene+analyzers</id>
        <version>1.9.1</version>
        <properties>
          <war.bundle>true</war.bundle>
        </properties>
    </dependency>
    <dependency>
      <id>oro</id>
      <version>2.0.7</version>
      <properties>
        <war.bundle>true</war.bundle>
      </properties>
    </dependency>
    <dependency>
      <id>jregex</id>
      <version>1.2_01</version>
      <properties>
        <war.bundle>true</war.bundle>
      </properties>
    </dependency>
    <dependency>
      <id>velocity</id>
      <version>1.4</version>
      <properties>
        <war.bundle>true</war.bundle>
      </properties>
    </dependency>
    <!-- ajax dependency -->
    <dependency>
      <id>dwr</id>
      <version>1.1-rc1</version>
      <properties>
        <war.bundle>true</war.bundle>
      </properties>
    </dependency>
    <!-- Testing / Mock dependencies -->
    <dependency>
      <id>alt</id>
      <version>0.07-jdk1.3</version>
      <properties>
        <war.bundle>true</war.bundle>
      </properties>
    </dependency>
    <dependency>
      <id>alt+j2ee</id>
      <version>0.07-jdk1.3</version>
      <jar>alt-0.07-j1.3-j2ee1.3.jar</jar>
      <properties>
        <war.bundle>true</war.bundle>
      </properties>
    </dependency>
    <dependency>
      <id>junit</id>
      <version>3.8.1</version>
    </dependency>
    <dependency>
      <id>mockobjects</id>
      <version>DEV</version>
      <properties>
      </properties>
    </dependency>
    <dependency>
      <id>easymock</id>
      <groupId>easymock</groupId>
      <version>1.1</version>
      <properties>
      </properties>
    </dependency>
    <dependency>
      <id>cglib-full</id>
      <groupId>cglib</groupId>
      <artifactId>cglib-full</artifactId>
      <version>2.0.1</version>
      <properties>
      </properties>
    </dependency>
    <dependency>
      <id>easymockextension</id>
      <groupId>easymock</groupId>
      <artifactId>easymockclassextension</artifactId>
      <version>1.1</version>
      <properties>
      </properties>
    </dependency>
    <dependency>
      <id>mockobjects+j2ee</id>
      <version>0.07-jdk1.3</version>
      <jar>mockobjects-0.07-j1.3-j2ee1.3.jar</jar>
      <properties>
      </properties>
    </dependency>
    <dependency>
      <id>mockobjects+jdk</id>
      <version>0.07-jdk1.3</version>
      <jar>mockobjects-0.07-jdk1.3.jar</jar>
      <properties>
      </properties>
    </dependency>
    <!-- javax dependencies -->
    <dependency>
      <id>activation</id>
      <version>1.0.2</version>
      <properties>
        <war.bundle>true</war.bundle>
        <standalone.jetty.jar>true</standalone.jetty.jar>
        <standalone.resin.jar>true</standalone.resin.jar>
      </properties>
    </dependency>
    <dependency>
      <id>javamail</id>
      <version>1.3.2</version>
      <properties>
        <war.bundle>true</war.bundle>
        <standalone.jetty.jar>true</standalone.jetty.jar>
        <standalone.resin.jar>true</standalone.resin.jar>
      </properties>
    </dependency>
    <dependency>
      <id>servletapi</id>
      <version>2.3</version>
    </dependency>
    <!-- Misc dependencies -->
    <dependency>
      <id>glue</id>
      <version>5.0b2</version>
      <properties>
        <war.bundle>true</war.bundle>
      </properties>
    </dependency>
    <dependency>
      <id>bsf</id>
      <version>2.2</version>
      <properties>
        <war.bundle>true</war.bundle>
      </properties>
    </dependency>
    <dependency>
      <id>bsh</id>
      <version>1.2b7</version>
      <properties>
        <war.bundle>true</war.bundle>
      </properties>
    </dependency>
    <dependency>
      <id>ofbcore+share</id>
      <version>2.1.1</version>
      <properties>
        <war.bundle>true</war.bundle>
      </properties>
    </dependency>
    <dependency>
      <id>ofbcore+entity</id>
      <version>2.1.1-atlassian-16Oct06</version>
      <properties>
        <war.bundle>true</war.bundle>
      </properties>
    </dependency>
    <dependency>
      <id>ofbcore+service</id>
      <version>2.1.1</version>
      <properties>
        <war.bundle>true</war.bundle>
      </properties>
    </dependency>
    <dependency>
      <id>ofbcore+extutil</id>
      <version>2.1.1</version>
      <properties>
        <war.bundle>true</war.bundle>
      </properties>
    </dependency>
    <dependency>
      <id>csv</id>
      <version>20</version>
      <properties>
        <war.bundle>true</war.bundle>
      </properties>
    </dependency>
    <!-- A subset of Xerces including just the serializer -->
    <dependency>
      <id>ofbcore+xerces</id>
      <version>serializer</version>
      <jar>ofbcore-xerces-serialize.jar</jar>
      <properties>
        <war.bundle>true</war.bundle>
      </properties>
    </dependency>
    <dependency>
      <id>quartz</id>
      <version>1.4.5</version>
      <properties>
        <war.bundle>true</war.bundle>
      </properties>
    </dependency>
    <dependency>
      <id>picocontainer</id>
      <version>1.0</version>
      <properties>
        <war.bundle>true</war.bundle>
      </properties>
    </dependency>
    <!-- Version Control Integration dependencies -->
    <dependency>
      <!-- needed by jsch for compression -->
      <id>jzlib</id>
      <version>1.0.5</version>
      <url>http://www.jcraft.com/jzlib</url>
      <properties>
        <war.bundle>true</war.bundle>
      </properties>
    </dependency>
    <dependency>
      <!-- needed by javacvs for providing ext (ssh) CVS access method -->
      <id>jsch</id>
      <version>0.1.23</version>
      <url>http://www.jcraft.com/jsch/</url>
      <properties>
        <war.bundle>true</war.bundle>
      </properties>
    </dependency>
    <dependency>
      <id>javacvs</id>
      <version>20050531-patched</version>
      <!-- netbeans cvslib from Netbeans patched by Atlassian -->
      <url>http://javacvs.netbeans.org/servlets/ProjectDownloadList</url>
      <url>http://www.netbeans.org/community/sources/cvs.html</url>
      <properties>
        <war.bundle>true</war.bundle>
      </properties>
    </dependency>
    <dependency>
      <id>statcvs</id>
      <version>20060222-patched</version>
      <properties>
        <war.bundle>true</war.bundle>
      </properties>
    </dependency>
    <!-- Application Server (Jetty, Tomcat and Resin) Standalone Dependencies -->
    <!--
            <dependency>
              <id>castor</id>
              <version>0.9.3</version>
              <properties>
                <standalone.jetty.jar>true</standalone.jetty.jar>
                <standalone.tomcat.jar>true</standalone.tomcat.jar>
            <standalone.tomcat5.jar>true</standalone.tomcat5.jar>
              </properties>
            </dependency>
            -->
    <dependency>
      <id>commons-dbcp</id>
      <version>1.1</version>
      <properties>
        <standalone.tomcat.jar>true</standalone.tomcat.jar>
        <!-- Bundled with Tomcat 5 -->
        <standalone.jetty.jar>true</standalone.jetty.jar>
      </properties>
    </dependency>
    <dependency>
      <id>commons-pool</id>
      <version>1.1</version>
      <properties>
        <standalone.tomcat.jar>true</standalone.tomcat.jar>
        <!-- Bundled with Tomcat 5 -->
        <standalone.jetty.jar>true</standalone.jetty.jar>
      </properties>
    </dependency>
    <dependency>
      <id>hsqldb</id>
      <version>1.8.0.5</version>
      <properties>
        <standalone.jetty.jar>true</standalone.jetty.jar>
        <standalone.resin.jar>true</standalone.resin.jar>
        <standalone.tomcat.jar>true</standalone.tomcat.jar>
        <standalone.tomcat5.jar>true</standalone.tomcat5.jar>
      </properties>
    </dependency>
    <dependency>
      <id>jndi</id>
      <version>1.2.1</version>
    </dependency>
    <dependency>
      <id>jta</id>
      <version>1.0.1</version>
      <properties>
        <standalone.jetty.jar>true</standalone.jetty.jar>
        <standalone.tomcat.jar>true</standalone.tomcat.jar>
        <standalone.tomcat5.jar>true</standalone.tomcat5.jar>
      </properties>
    </dependency>
    <dependency>
      <id>ots-jts</id>
      <version>1.0</version>
      <jar>ots-jts_1.0.jar</jar>
      <properties>
        <standalone.jetty.jar>true</standalone.jetty.jar>
        <standalone.tomcat.jar>true</standalone.tomcat.jar>
        <standalone.tomcat5.jar>true</standalone.tomcat5.jar>
      </properties>
    </dependency>
    <!-- Jars for DataSource and TransactionManager providers -->
    <dependency>
      <id>jotm</id>
      <version>1.4.3</version>
      <properties>
        <standalone.jetty.jar>true</standalone.jetty.jar>
        <standalone.tomcat.jar>true</standalone.tomcat.jar>
        <standalone.tomcat5.jar>true</standalone.tomcat5.jar>
      </properties>
    </dependency>
    <dependency>
      <id>jotm+jrmp_stubs</id>
      <version>1.4.3</version>
      <properties>
        <standalone.jetty.jar>true</standalone.jetty.jar>
        <standalone.tomcat.jar>true</standalone.tomcat.jar>
        <standalone.tomcat5.jar>true</standalone.tomcat5.jar>
      </properties>
    </dependency>
    <dependency>
      <id>jotm+iiop_stubs</id>
      <version>1.4.3</version>
      <properties>
        <standalone.jetty.jar>true</standalone.jetty.jar>
        <standalone.tomcat.jar>true</standalone.tomcat.jar>
        <standalone.tomcat5.jar>true</standalone.tomcat5.jar>
      </properties>
    </dependency>
    <dependency>
      <id>jotm+jonas_timer</id>
      <version>1.4.3</version>
      <jar>jonas_timer-1.4.3.jar</jar>
      <properties>
        <standalone.jetty.jar>true</standalone.jetty.jar>
        <standalone.tomcat.jar>true</standalone.tomcat.jar>
        <standalone.tomcat5.jar>true</standalone.tomcat5.jar>
      </properties>
    </dependency>
    <dependency>
      <id>jotm+objectweb-datasource</id>
      <jar>objectweb-datasource-1.4.3.jar</jar>
      <version>1.4.3</version>
      <properties>
        <standalone.jetty.jar>true</standalone.jetty.jar>
        <standalone.tomcat.jar>true</standalone.tomcat.jar>
        <standalone.tomcat5.jar>true</standalone.tomcat5.jar>
      </properties>
    </dependency>
    <dependency>
      <id>carol</id>
      <version>1.5.2</version>
      <properties>
        <standalone.jetty.jar>true</standalone.jetty.jar>
        <standalone.tomcat.jar>true</standalone.tomcat.jar>
        <standalone.tomcat5.jar>true</standalone.tomcat5.jar>
      </properties>
    </dependency>
    <dependency>
      <id>carol+properties</id>
      <jar>carol-properties.jar</jar>
      <properties>
        <standalone.jetty.jar>true</standalone.jetty.jar>
        <standalone.tomcat.jar>true</standalone.tomcat.jar>
        <standalone.tomcat5.jar>true</standalone.tomcat5.jar>
      </properties>
    </dependency>
    <dependency>
      <id>xapool</id>
      <version>1.3.1</version>
      <properties>
        <standalone.jetty.jar>true</standalone.jetty.jar>
        <standalone.tomcat.jar>true</standalone.tomcat.jar>
        <standalone.tomcat5.jar>true</standalone.tomcat5.jar>
      </properties>
    </dependency>
    <dependency>
      <id>xml-apis</id>
      <version>1.0.b2</version>
      <properties>
        <war.bundle>true</war.bundle>
      </properties>
    </dependency>
    <dependency>
      <id>saxon+noaelfred</id>
      <version>6.5.5</version>
      <properties>
        <war.bundle>true</war.bundle>
      </properties>
    </dependency>
    <dependency>
      <id>commons-jelly</id>
      <version>1.0</version>
      <properties>
        <war.bundle>true</war.bundle>
      </properties>
    </dependency>
    <dependency>
      <id>commons-jelly+tags-junit</id>
      <version>1.0</version>
    </dependency>
    <dependency>
      <id>commons-jelly+tags-util</id>
      <version>1.1.1</version>
      <properties>
        <war.bundle>true</war.bundle>
      </properties>
    </dependency>
    <dependency>
      <id>commons-jelly+tags-email</id>
      <version>1.0</version>
      <properties>
        <war.bundle>true</war.bundle>
      </properties>
    </dependency>
    <dependency>
      <id>commons-jelly+tags-log</id>
      <version>1.0</version>
      <properties>
        <war.bundle>true</war.bundle>
      </properties>
    </dependency>
    <dependency>
      <id>commons-jelly+tags-http</id>
      <version>1.0</version>
      <properties>
        <war.bundle>true</war.bundle>
      </properties>
    </dependency>
    <dependency>
      <id>commons-jelly+tags-soap</id>
      <version>1.0</version>
      <properties>
        <war.bundle>true</war.bundle>
      </properties>
    </dependency>
    <dependency>
      <id>commons-jelly+tags-sql</id>
      <version>1.0</version>
      <properties>
        <war.bundle>true</war.bundle>
      </properties>
    </dependency>
    <dependency>
      <id>commons-jexl</id>
      <version>1.0</version>
      <properties>
        <war.bundle>true</war.bundle>
      </properties>
    </dependency>
    <dependency>
      <id>dom4j</id>
      <version>1.4</version>
      <properties>
        <war.bundle>true</war.bundle>
      </properties>
    </dependency>
    <dependency>
      <id>atlassian-trackback</id>
      <version>2006-11-24-1</version>
      <properties>
        <war.bundle>true</war.bundle>
        <atlassian.ship>source</atlassian.ship>
        <atlassian.module.dir>trackback</atlassian.module.dir>
        <atlassian.cvs.tag>atlassian_trackback_2006_11_24_1</atlassian.cvs.tag>
      </properties>
    </dependency>
    <!-- jsr 166 backport -->
    <dependency>
        <id>backport-util-concurrent</id>
        <version>2.2</version>
        <properties>
          <war.bundle>true</war.bundle>
        </properties>
    </dependency>
    <dependency>
      <id>commons-httpclient</id>
      <version>3.0-rc3</version>
      <url>http://jakarta.apache.org/commons/httpclient/3.0/</url>
      <properties>
        <war.bundle>true</war.bundle>
      </properties>
    </dependency>
    <dependency>
      <id>commons-codec</id>
      <version>1.3</version>
      <properties>
        <war.bundle>true</war.bundle>
      </properties>
    </dependency>
    <!-- XML-RPC -->
    <dependency>
      <id>xmlrpc</id>
      <version>2.0</version>
      <properties>
        <war.bundle>true</war.bundle>
      </properties>
    </dependency>
    <!-- Axis Dependecies -->
    <dependency>
      <id>axis</id>
      <groupId>axis</groupId>
      <artifactId>axis</artifactId>
      <version>1.3</version>
      <properties>
        <war.bundle>true</war.bundle>
      </properties>
    </dependency>
    <dependency>
      <groupId>axis</groupId>
      <artifactId>axis-jaxrpc</artifactId>
      <version>1.3</version>
      <properties>
        <war.bundle>true</war.bundle>
      </properties>
    </dependency>
    <dependency>
      <groupId>axis</groupId>
      <artifactId>axis-saaj</artifactId>
      <version>1.3</version>
      <properties>
        <war.bundle>true</war.bundle>
      </properties>
    </dependency>
    <dependency>
      <groupId>axis</groupId>
      <artifactId>axis-wsdl4j</artifactId>
      <version>1.5.1</version>
      <properties>
        <war.bundle>true</war.bundle>
      </properties>
    </dependency>
    <dependency>
      <groupId>commons-discovery</groupId>
      <artifactId>commons-discovery</artifactId>
      <version>0.2</version>
      <properties>
        <war.bundle>true</war.bundle>
      </properties>
    </dependency>
    <dependency>
      <id>xml-apis</id>
      <version>1.0.b2</version>
      <properties>
        <func.test>true</func.test>
      </properties>
    </dependency>
    <dependency>
      <groupId>xerces</groupId>
      <artifactId>xercesImpl</artifactId>
      <version>2.6.2</version>
      <properties>
        <war.bundle>true</war.bundle>
      </properties>
    </dependency>
    <dependency>
      <groupId>xml-security</groupId>
      <artifactId>xmlsec</artifactId>
      <version>1.1.0</version>
      <properties>
        <war.bundle>true</war.bundle>
      </properties>
    </dependency>
    <dependency>
      <groupId>datafile</groupId>
      <artifactId>datafile</artifactId>
      <version>1.3.3</version>
      <properties>
        <war.bundle>true</war.bundle>
      </properties>
    </dependency>
    <dependency>
      <groupId>xpp3</groupId>
      <artifactId>xpp3</artifactId>
      <id>xpp3</id>
      <version>1.1.3.4-RC8</version>
      <properties>
        <war.bundle>true</war.bundle>
      </properties>
    </dependency>
    <dependency>
      <groupId>xstream</groupId>
      <artifactId>xstream</artifactId>
      <id>xstream</id>
      <version>1.1</version>
      <properties>
        <war.bundle>true</war.bundle>
      </properties>
    </dependency>
    <dependency>
      <id>jfreechart</id>
      <version>1.0.0-pre2</version>
      <jar>jfreechart-1.0.0-pre2.jar</jar>
      <properties>
        <war.bundle>true</war.bundle>
      </properties>
    </dependency>
    <dependency>
      <id>jfree</id>
      <version>1.0.0-pre2</version>
      <jar>jcommon-1.0.0-pre2.jar</jar>
      <properties>
        <war.bundle>true</war.bundle>
      </properties>
    </dependency>
    <dependency>
      <groupId>net.java.dev.urlrewrite</groupId>
      <artifactId>urlrewritefilter</artifactId>
      <version>2.3-atlassian-3</version>
      <properties>
        <war.bundle>true</war.bundle>
      </properties>
    </dependency>
    <!-- Wiki renderer dependencies -->
    <dependency>
      <id>radeox</id>
      <version>1.0b2-forked-22Apr2004</version>
      <properties>
        <war.bundle>true</war.bundle>
      </properties>
    </dependency>
    <dependency>
      <id>jtidy</id>
      <version>r8-20050104</version>
      <properties>
        <war.bundle>true</war.bundle>
      </properties>
    </dependency>
    <!-- End Wiki renderer dependencies -->
 </dependencies>


    <reports>
        <report>maven-pmd-plugin</report>
        <report>maven-simian-plugin</report>
        <report>maven-junit-report-plugin</report>
        <report>maven-clover-plugin</report>
    </reports>

    <build>
        <sourceDirectory>src/java</sourceDirectory>
        <resources>
            <resource>
                <directory>src/etc/</directory>
                <include>atlassian-plugin.xml</include>
                <include>**/*.vm</include>
            </resource>
        </resources>
        <unitTestSourceDirectory>test/java</unitTestSourceDirectory>
        <unitTest>
            <includes>
                <include>**/*Test.java</include>
                <include>**/Test*.java</include>
            </includes>
            <excludes>
                <exclude>**/Abstract*.java</exclude>
            </excludes>
            <resources>
                <resource>
                    <directory>test/etc</directory>
                </resource>
            </resources>
        </unitTest>
    </build>
</project>
