<!--
Copyright (c) 2007, SourceLabs, Inc.

All rights reserved.

Redistribution and use in source and binary forms, with or without modification, 
are permitted provided that the following conditions are met:

    * Redistributions of source code must retain the above copyright notice, 
      this list of conditions and the following disclaimer.
    * Redistributions in binary form must reproduce the above copyright notice, 
      this list of conditions and the following disclaimer in the documentation 
      and/or other materials provided with the distribution.
    * Neither the name of SourceLabs nor the names of its contributors 
      may be used to endorse or promote products derived from this software 
      without specific prior written permission.

THIS SOFTWARE IS PROVIDED BY THE COPYRIGHT HOLDERS AND CONTRIBUTORS
"AS IS" AND ANY EXPRESS OR IMPLIED WARRANTIES, INCLUDING, BUT NOT
LIMITED TO, THE IMPLIED WARRANTIES OF MERCHANTABILITY AND FITNESS FOR
A PARTICULAR PURPOSE ARE DISCLAIMED. IN NO EVENT SHALL THE COPYRIGHT OWNER OR
CONTRIBUTORS BE LIABLE FOR ANY DIRECT, INDIRECT, INCIDENTAL, SPECIAL,
EXEMPLARY, OR CONSEQUENTIAL DAMAGES (INCLUDING, BUT NOT LIMITED TO,
PROCUREMENT OF SUBSTITUTE GOODS OR SERVICES; LOSS OF USE, DATA, OR
PROFITS; OR BUSINESS INTERRUPTION) HOWEVER CAUSED AND ON ANY THEORY OF
LIABILITY, WHETHER IN CONTRACT, STRICT LIABILITY, OR TORT (INCLUDING
NEGLIGENCE OR OTHERWISE) ARISING IN ANY WAY OUT OF THE USE OF THIS
SOFTWARE, EVEN IF ADVISED OF THE POSSIBILITY OF SUCH DAMAGE.
-->
<atlassian-plugin key="com.sourcelabs.jira.plugin.portlet.randomfilter" name="Random Filter Plugin">
    <plugin-info>
        <description>Random filter plugin</description>
        <version>0.1</version>
        <application-version min="3.0" max="3.0"/>
        <vendor name="SourceLabs" url="http://www.sourcelabs.com"/>
    </plugin-info>

    <portlet key="randomfilter" name="Random Filter portlet" class="com.sourcelabs.jira.plugin.portlet.randomfilter.RandomFilterPortlet">
        <description key="portlet.randomfilter.description">i18n description</description>
        <resource type="velocity" name="view" location="templates/randomfilter.vm" />
        <resource type="i18n" name="i18n" location="com.sourcelabs.jira.plugin.portlets.randomfilter" />
        <label key="portlet.randomfilter.name" />
        <objectdescriptor key="portlet.randomfilter.display.name" />
        <resource type="download" name="icons/" location="templates/images/"/>

        <properties>
            <property>
                <key>filterid</key>
                <name>portlet.searchrequest.field.filterid.name</name>
                <description>portlet.searchrequest.field.filterid.description</description>
                <type>select</type>
                <i18n>false</i18n>
                <values class="com.atlassian.jira.portal.SearchRequestValuesGenerator"/>
            </property>
            <property>
                <key>numofentries</key>
                <name>portlet.searchrequest.field.numofentries.name</name>
                <description>portlet.searchrequest.field.numofentries.description</description>
                <type>long</type>
                <default>5</default>
            </property>
            <property>
                <key>showdescription</key>
                <name>portlet.searchrequest.field.showdescription.name</name>
                <description>portlet.searchrequest.field.showdescription.description</description>
                <type>select</type>
                <default>false</default>
                <values>
                    <value>
                        <key>true</key>
                        <value>portlet.searchrequest.field.showdescription.true</value>
                    </value>
                    <value>
                        <key>false</key>
                        <value>portlet.searchrequest.field.showdescription.false</value>
                    </value>
                </values>
            </property>
        </properties>

    </portlet>

</atlassian-plugin>
