<!--
   Copyright 2007 SourceLabs, Inc.

   Licensed under the Apache License, Version 2.0 (the "License");
   you may not use this file except in compliance with the License.
   You may obtain a copy of the License at

       http://www.apache.org/licenses/LICENSE-2.0

   Unless required by applicable law or agreed to in writing, software
   distributed under the License is distributed on an "AS IS" BASIS,
   WITHOUT WARRANTIES OR CONDITIONS OF ANY KIND, either express or implied.
   See the License for the specific language governing permissions and
   limitations under the License.
-->
<atlassian-plugin key="com.sourcelabs.jira.plugin.portlet.poll" name="Poll Plugin">
    <plugin-info>
        <description>Poll Plugin</description>
        <version>1.1</version>
        <application-version min="3.0" max="3.0"/>
        <vendor name="SourceLabs" url="http://www.sourcelabs.com"/>
    </plugin-info>

    <portlet key="poll" name="Poll" class="com.sourcelabs.jira.plugin.portlet.poll.PollPortlet">
        <description key="portlet.poll.description">i18n description</description>
        <resource type="velocity" name="view" location="templates/poll.vm" />
        <resource type="i18n" name="i18n" location="com.sourcelabs.jira.plugin.portlets.poll" />
        <label key="portlet.poll.name" />
        <objectdescriptor key="portlet.poll.display.name" />
        <resource type="download" name="icons/" location="templates/images/"/>
        <properties>
            <property>
                <key>issue-keys</key>
                <name>portlet.poll.field.issuekeys.name</name>
                <description>portlet.poll.field.issuekeys.description</description>
                <type>text</type>
            </property>
            <property>
                <key>title</key>
                <name>portlet.poll.field.title.name</name>
                <description>portlet.poll.field.title.description</description>
                <type>text</type>
            </property>
            <property>
                <key>diluteVote</key>
                <name>portlet.releases.field.diluteVote.name</name>
                <description>portlet.releases.field.diluteVote.description</description>
                <type>select</type>
                <default>true</default>
                <values>
                    <value>
                        <key>true</key>
                        <value>portlet.releases.field.diluteVote.true</value>
                    </value>
                    <value>
                        <key>false</key>
                        <value>portlet.releases.field.diluteVote.false</value>
                    </value>
                </values>
            </property>
        </properties>
    </portlet>

    <servlet name='Voter Servlet' key='pollVotingServlet'
        class='com.sourcelabs.jira.plugin.portlet.poll.VoteServlet'>
        <description>Used so people can vote or unvote. [Actually not used anymore, but a good example of a servlet]</description>
        <url-pattern>/poll</url-pattern>
    </servlet>

</atlassian-plugin>
