<!--
  Copyright 2007 SourceLabs, Inc.
 
  Licensed under the Apache License, Version 2.0 (the "License");
  you may not use this file except in compliance with the License.
  You may obtain a copy of the License at
 
      http://www.apache.org/licenses/LICENSE-2.0
 
  Unless required by applicable law or agreed to in writing, software
  distributed under the License is distributed on an "AS IS" BASIS,
  WITHOUT WARRANTIES OR CONDITIONS OF ANY KIND, either express or implied.
  See the License for the specific language governing permissions and
  limitations under the License.
-->
<atlassian-plugin key="com.sourcelabs.jira.plugin.portlet.currentuser" name="Current User Status Plugin">
    <plugin-info>
        <description>Current user status plugin</description>
        <version>1.0.1</version>
        <application-version min="3.0" max="3.0"/>
        <vendor name="SourceLabs" url="http://www.sourcelabs.com"/>
    </plugin-info>

    <portlet key="currentuser" name="Release Status portlet" class="com.sourcelabs.jira.plugin.portlet.currentuser.CurrentUserStatusPortlet">
        <description key="portlet.currentuser.description">i18n description</description>
        <resource type="velocity" name="view" location="templates/currentuserstatus.vm" />
        <resource type="i18n" name="i18n" location="com.sourcelabs.jira.plugin.portlets.currentuser" />
        <label key="portlet.currentuser.name" />
        <objectdescriptor key="portlet.currentuser.display.name" />
        <resource type="download" name="icons/" location="templates/images/"/>

    </portlet>

</atlassian-plugin>
